"chr","pos","lod"
"A01x3323536","A01",0,0.0559230807768358
"A01x3444783","A01",0.382748282,0.110804532050906
"A01x3521294","A01",1.209655882,0.0833564359352295
"A01x3554609","A01",1.617615438,0.0607705294607399
"A01x3621755","A01",2.025785306,0.0625448921147154
"A01x3679842","A01",2.433744862,0.041972842547068
"A01x3777620","A01",3.260652356,0.00461828000209152
"A01x3965850","A01",3.668611911,0.0843565286812122
"A01x4058373","A01",4.07678178,0.0744198273211509
"A01x4084209","A01",4.484741336,0.0550401889026375
"A01x4089374","A01",5.311648831,0.113035612175054
"A01x4171301","A01",5.719398203,0.13998190972228
"A01x4278768","A01",6.546256998,0.0755613112899596
"A01x4345449","A01",6.546258048,0.0755615065231723
"A01x4397470","A01",7.801819651,0.0712677251610216
"A01x4462042","A01",7.801820701,0.0712671346346383
"A01x4585914","A01",8.209861661,0.0644660507605863
"A01x4740822","A01",9.036555325,0.0402513240117628
"A01x5199811","A01",9.863511904,0.0438305580828455
"A01x4904430","A01",9.863512954,0.043830723882138
"A01x5019810","A01",10.27098318,0.055199200211689
"A01x5113626","A01",10.6785139,0.0124871380982086
"A01x5293065","A01",11.52947396,0.0104466122649001
"A01x5480608","A01",11.94945162,0.0532138162449769
"A01x5687723","A01",12.36942888,0.0502087320305691
"A01x5810657","A01",13.22116633,0.0479623991324161
"A01x5827724","A01",13.64070621,0.061408154166827
"A01x5888829","A01",14.93468985,0.0541046670577998
"A01x5919321","A01",16.68324108,0.0752395478911012
"A01x5943430","A01",17.97722472,0.0101033954338163
"A01x5997366","A01",18.39698132,0.0442329258055452
"A01x6159390","A01",18.81710821,0.0290618682352601
"A01x6198147","A01",19.66909236,0.00254134100970305
"A01x6203833","A01",20.0892191,0.000286441021557948
"A01x6292908","A01",20.50956268,0.0436836932365168
"A01x6367043","A01",20.92990641,0.000391513949864475
"A01x6378372","A01",21.3501004,0.00173136277408048
"A01x6465169","A01",21.77007767,8.34955704931417e-06
"A01x6568062","A01",22.62181512,0.0388942295676884
"A01x6758563","A01",23.04179238,0.070922310895071
"A01x6889347","A01",23.46198645,0.102679260249715
"A01x6941758","A01",23.88218052,0.0702791278614541
"A01x7228007","A01",24.30237459,0.0168456373431809
"A01x7382304","A01",24.72256866,0.034751043741835
"A01x7489607","A01",25.14276273,0.0761271012582938
"A01x7657237","A01",25.56296907,0.107439350581558
"A01x7722631","A01",25.97113287,0.216575342544161
"A01x7876881","A01",26.37927965,0.307100051924692
"A01x7975940","A01",26.83321867,0.309772325842687
"A01x8029418","A01",27.28663362,0.271454971071023
"A01x8047577","A01",28.69036822,3.90375243935119
"A01x8057967","A01",29.14378319,4.06383232937958
"A01x8186237","A01",29.59767357,3.80098188429548
"A01x8348377","A01",30.05156394,4.39552603432821
"A01x8409488","A01",30.50529205,4.22461838954075
"A01x8479578","A01",31.33196221,4.49784073670719
"A01x8682528","A01",32.15844197,4.69805018118007
"A01x9014557","A01",32.9851356,5.20611911903262
"A01x9047566","A01",33.39309516,4.64434607225121
"A01x9090747","A01",33.80126503,4.39197724275482
"A01x9141005","A01",34.2094349,4.19201256201222
"A01x9154927","A01",34.61760476,3.97568324507273
"A01x9187356","A01",35.02556432,3.73179809464932
"A01x9265177","A01",35.85247181,3.33669270317779
"A01x9281217","A01",36.26022106,3.50589166816559
"A01x9400632","A01",37.08712855,3.18083409099847
"A01x9478996","A01",37.49508811,3.14906658893165
"A01x9511676","A01",37.90325798,3.18330662181359
"A01x9621651","A01",38.31121753,0.00354936544522388
"A01x9710442","A01",39.13812503,0.013184791082665
"A01x9787957","A01",39.54608458,0.0225861485264431
"A01x9861110","A01",39.95425367,0.01679718791695
"A01x9927004","A01",40.36242354,0.0250730393942149
"A01x10008696","A01",40.77059341,0.0236988545334498
"A01x10040274","A01",41.17876249,0.0305754421234496
"A01x10144579","A01",41.58693236,0.0688867131967754
"A01x10233513","A01",41.99510223,0.0445847686676757
"A01x10719350","A01",42.40327209,0.0681347541346327
"A01x10838067","A01",42.81144196,0.071492443770012
"A01x10963079","A01",43.21961183,0.0601951237209164
"A01x11244488","A01",43.62778169,0.0432771425932401
"A01x11526406","A01",44.03595156,0.0357054412164075
"A01x11665796","A01",44.44412143,0.0394013078251874
"A01x12003346","A01",44.85229129,0.0372038940223547
"A01x15217732","A01",45.26046116,0.017330778246901
"A01x14683131","A01",45.66863103,0.0169510980799146
"A01x14360906","A01",46.0768009,3.27557905279718e-05
"A01x13378079","A01",46.48497076,0.000345537019200037
"A01x16742310","A01",46.89314063,0.000160366199622786
"A01x17028968","A01",47.30110019,0.000127990564010361
"A01x17440237","A01",48.12800768,0.0170908658245708
"A01x18051812","A01",48.53596724,0.0189407935045551
"A01x19020630","A01",48.94392679,0.00812238573865898
"A01x19421288","A01",49.77083429,0.00227814832277318
"A01x19476460","A01",50.17836974,0.00174521518681559
"A01x19922395","A01",51.4345758,0.0513481705056051
"A01x20113692","A01",51.84211125,0.0484053261029658
"A01x20145709","A01",52.66901882,0.0371938030703518
"A01x20481091","A01",53.07703167,0.0289722011611389
"A01x20319892","A01",53.07703272,0.0289722624324327
"A01x20606065","A01",53.90377593,0.0361857713724589
"A01x20778084","A01",54.31173567,0.0361942278145762
"A01x20884338","A01",54.71990554,0.148735143427245
"A01x20960512","A01",55.12807541,0.380265579643037
"A01x21149541","A01",55.53624509,0.308874828942123
"A01x21267732","A01",55.94441496,0.199555236162382
"A01x21367330","A01",56.35194335,0.340254940121213
"A01x21881895","A01",58.04842997,0.411816971359087
"A01x21930925","A01",58.45595837,0.353806285791961
"A01x22004672","A01",58.86412824,0.259961559487863
"A01x22115541","A01",59.27187401,0.214190451365937
"A01x22156290","A01",60.52741645,0.0953481172687134
"A01x22250566","A01",62.22345674,0.145111376505326
"A01x22496994","A01",62.63098514,0.177967652598568
"A01x22640794","A01",63.03915501,0.116934029725485
"A01x22648970","A01",63.44732488,0.128069454626939
"A01x22836582","A01",63.85528444,0.178052638646818
"A01x22974070","A01",64.68197825,0.152291175520986
"A01x23115892","A01",65.50850762,0.227474142604194
"A01x23485290","A01",65.50850867,0.227474308937815
"A01x23566033","A01",65.91652151,0.236691702330347
"A01x23678346","A01",66.74342908,0.411136429793601
"A01x23717804","A01",67.15117833,0.524642552494754
"A01x23862909","A01",67.97808582,0.386423512011845
"A01x23896183","A01",68.38583507,0.16643300936795
"A01x23987437","A01",69.21274256,0.205756341882534
"A01x24048223","A01",69.62070212,0.213735922071635
"A01x24070256","A01",70.02887199,0.124320337862343
"A01x24108220","A01",70.43572669,0.141283259520321
"A01x24231054","A01",73.52220028,0.43499474705385
"A01x24249266","A01",73.52220133,0.434994832298514
"A01x24274441","A01",73.93057007,0.420488602053467
"A01x24377050","A01",74.33873994,0.46707107830224
"A01x24454097","A01",74.74690981,0.46709104203893
"A01x24472434","A01",75.15507968,0.608169203036823
"A01x24532569","A01",75.56303923,0.734778801033656
"A01x24654771","A01",76.38994673,0.503825949815109
"A01x24765142","A01",76.79769597,0.704649450292607
"A01x24861483","A01",77.62460347,0.715488090428209
"A01x24934054","A01",78.03256302,1.09359909872973
"A01x24975652","A01",78.44073289,1.22538447080314
"A01x25021670","A01",78.84890276,1.09205086423998
"A01x25071323","A01",79.25643116,1.09205627745803
"A01x25154492","A01",80.95269655,1.74022869959271
"A01x25264441","A01",81.77895173,1.54796921714433
"A01x25358217","A01",82.18691129,1.050663781259
"A01x25419156","A01",82.59508111,1.01025146887275
"A01x25453300","A01",83.00336171,0.960297341852254
"A01x25527815","A01",83.41121809,0.99712890721662
"A01x25689263","A01",84.66759925,0.707342281027252
"A01x25722607","A01",85.07534492,0.751384723801038
"A01x25764424","A01",85.48330449,0.687964467166751
"A01x25857251","A01",86.30977536,0.70479680948813
"A01x25928771","A01",87.57615406,0.285219459378766
"A01x25975189","A01",88.40951797,0.2427699610285
"A01x26027978","A01",88.82083523,0.236695759771919
"A01x26061276","A01",89.23236458,0.177840501739354
"A01x26133588","A01",89.64389393,0.279626705039163
"A01x26248761","A01",90.05542328,0.253106058479148
"A01x26378441","A01",90.46674053,0.329433728116499
"A01x26495518","A01",91.30032376,0.413547647528674
"A01x26649666","A01",92.13390709,0.690986973705833
"A01x26761091","A01",92.52001138,0.694987854886222
"A02x106635","A02",0,0.0882443405099025
"A02x128725","A02",0.386316273,0.143176012836022
"A02x222925","A02",0.797633633,0.115581383462143
"A02x309377","A02",1.631432566,0.0110413514699417
"A02x330209","A02",2.042537731,0.0011485792792314
"A02x402400","A02",2.876120967,0.01254078823996
"A02x662264","A02",3.708588725,0.000363886980267125
"A02x733246","A02",6.343080481,0.216787343820499
"A02x886252","A02",6.753513048,0.176035136949508
"A02x905359","A02",7.1650424,0.183059407984956
"A02x966946","A02",7.576571749,0.245075458628548
"A02x987547","A02",7.987673371,0.355964784376454
"A02x1099476","A02",9.25439586,0.102999260294439
"A02x1160646","A02",9.830388554,0.204300205412949
"A02x1202091","A02",11.27048381,0.401827201613685
"A02x1286195","A02",12.10287558,0.441227906889253
"A02x1380156","A02",14.26802543,0.375535735334495
"A02x1578551","A02",17.38208764,1.00752585635763
"A02x1585513","A02",18.21453647,0.805295449737116
"A02x1600026","A02",18.62564165,0.760674868861372
"A02x1628497","A02",19.45944058,0.646788630384151
"A02x1663532","A02",19.87075784,0.495345150924209
"A02x1719897","A02",20.28228718,0.513128701941696
"A02x1755467","A02",20.69381653,0.466339242246079
"A02x1867868","A02",21.10534588,0.473449511071408
"A02x1885427","A02",21.51687523,0.508191831706938
"A02x1941115","A02",21.9275346,0.508347230746665
"A02x2153775","A02",24.09410852,0.880558054436733
"A02x2241974","A02",24.92680695,0.85515966199705
"A02x2297492","A02",25.76039019,0.758186443896363
"A02x2320366","A02",26.17149535,0.898301462588847
"A02x2359123","A02",27.00529429,0.669518807168174
"A02x2372490","A02",27.41659374,0.690327643221167
"A02x2444389","A02",27.81511819,0.780404927373581
"A02x9341556","A02",64.48281921,0.0140377765172843
"A02x9399462","A02",64.87798423,0.0181222449814982
"A02x9415100","A02",65.28613629,0.0249968463086248
"A02x9440986","A02",65.69430617,0.185861764944036
"A02x9477901","A02",66.10247604,0.138637502232996
"A02x9558103","A02",66.51043559,0.165124876465654
"A02x10165707","A02",67.33734309,0.0337634425970919
"A02x10235219","A02",67.74530264,0.044587742661065
"A02x10369296","A02",68.1532622,0.0339867617016694
"A02x10606798","A02",68.9801697,0.000860781858534665
"A02x10812958","A02",69.38791895,0.0054970934614289
"A02x10819082","A02",70.21417413,0.00877073134654438
"A02x11182956","A02",71.91043952,0.000419010764062477
"A02x11407503","A02",72.31796792,0.0447383711884299
"A02x11479009","A02",72.72613779,0.049937849670755
"A02x11484559","A02",73.13388355,0.0428439128857008
"A02x11746307","A02",74.39008961,0.00744543318069191
"A02x11841851","A02",74.79762506,0.0122133613979258
"A02x12174045","A02",75.62410129,0.0309584199096662
"A02x12745444","A02",76.88008977,0.12092374901647
"A02x12927010","A02",77.28783554,0.0601986060117383
"A02x12978488","A02",77.69558167,0.0241351976380884
"A02x13567707","A02",78.95126166,0.0853381389715651
"A02x13187960","A02",78.95126271,0.0853386334990773
"A02x13043445","A02",78.95126376,0.0853385498463126
"A02x13776026","A02",79.35949972,0.0617476296562813
"A02x13955013","A02",79.76766965,0.0696300651524666
"A02x14252279","A02",80.17583952,0.0638343426068673
"A02x14572702","A02",80.58400939,0.0737425704702446
"A02x14798126","A02",80.99217925,0.0737411650143827
"A02x14876298","A02",81.40034912,0.0510545368528028
"A02x14992949","A02",81.80851908,0.0725049079288169
"A02x15281478","A02",82.21671453,0.0393972493010892
"A02x16849251","A02",82.21671558,0.0393972336133857
"A02x18495757","A02",82.62491103,0.0123371705466297
"A02x19072264","A02",83.03308099,0.0234229799520449
"A02x19364088","A02",83.44082675,0.0158560592307708
"A02x19548615","A02",84.69703268,0.0168634520303499
"A02x19733144","A02",85.10477844,0.0166835803548793
"A02x20144303","A02",85.512738,0.0310368346038672
"A02x20311794","A02",86.33921409,0.000320706319541841
"A02x20420496","A02",87.59520258,0.00052145593951991
"A02x20560232","A02",88.00230688,0.000154077496461014
"A02x21859552","A02",89.6987937,0.0284277563098385
"A02x21996109","A02",90.1063221,0.00515412044182995
"A02x22120337","A02",90.51428166,9.87034996455805e-05
"A02x22160253","A02",91.34075789,0.0253581090638022
"A02x22262726","A02",92.59630764,0.00402465123966067
"A02x22613501","A02",93.85185739,0.0128913861784667
"A02x22788955","A02",94.67833362,0.0321688281597403
"A02x22935096","A02",95.08629318,0.0183582448271409
"A02x22962888","A02",95.49446305,0.0342051378462997
"A02x23054939","A02",95.90220881,0.0787009775959291
"A02x23148526","A02",97.15841486,0.000214284849221258
"A02x23266029","A02",97.56616062,0.00834137051253947
"A02x23304571","A02",97.97433049,0.0124444698350885
"A02x23348001","A02",98.38250036,0.0064489148434177
"A02x23508352","A02",98.79067023,0.0235562908192151
"A02x23625802","A02",99.19862979,0.0432184839291949
"A02x23649305","A02",100.0253234,0.0648181038200732
"A02x23711520","A02",100.8518032,0.0280748638538171
"A02x23876242","A02",101.6784968,0.0409618841827637
"A02x23903013","A02",102.0860323,0.0436246756922856
"A02x23937274","A02",103.3422383,0.00814938917653762
"A02x24015203","A02",103.7488968,0.0135849448960244
"A02x24363731","A02",106.3606963,0.0204527975829478
"A02x24371846","A02",106.7675686,0.0272799695973731
"A02x24474281","A02",107.5944761,0.0397893314898852
"A02x24603877","A02",108.0024357,0.00043649534444512
"A02x24630187","A02",108.410181,0.00905511727194153
"A02x25029146","A02",109.6672483,0.0106856559664266
"A02x25061502","A02",110.0746763,0.0111541722007473
"A02x25312572","A02",111.7722231,0.00290648906133129
"A02x25322913","A02",112.1797633,0.0557724064801732
"A02x25405032","A02",113.0058159,0.0698368549931843
"A02x25425792","A02",113.4137759,0.0319191832766705
"A02x25532887","A02",113.8217354,0.0129332966970424
"A02x25659068","A02",114.6486429,0.0256005082271713
"A02x25680707","A02",115.0566025,0.0413242266785687
"A02x25743754","A02",115.4641309,0.174335536238004
"A02x25900706","A02",117.1603963,0.283679566612705
"A02x26123214","A02",117.9864376,0.267685849392876
"A02x26313799","A02",118.8131312,0.438468223618884
"A02x26358335","A02",119.220667,0.381602730262387
"A02x26589698","A02",120.4507916,0.41646944893256
"A03x97360","A03",0,3.2238323718218
"A03x118566","A03",0.382958487,3.37187526524463
"A03x143093","A03",0.79112846,3.14557579907859
"A03x150730","A03",1.199088015,3.14610946149298
"A03x275258","A03",2.025995511,3.55995314149624
"A03x356060","A03",2.433530965,3.02428116768141
"A03x992366","A03",3.689519455,2.94696466642029
"A03x1233655","A03",4.515781816,2.27409337620304
"A03x1293411","A03",5.342261585,2.16328570762619
"A03x1385842","A03",6.168955216,1.99145955996977
"A03x1416635","A03",6.576914774,2.02139661754524
"A03x1465710","A03",6.985084642,1.85000038202253
"A03x1510399","A03",7.393254509,2.17573122122326
"A03x1519967","A03",7.801424376,2.27161035078564
"A03x1527696","A03",8.209594243,2.45173753597464
"A03x1543943","A03",8.61776411,2.02965823673452
"A03x1626782","A03",9.025933977,2.33760138449441
"A03x1730647","A03",9.434103844,2.34778568814556
"A03x1786910","A03",9.842273969,2.31103495545358
"A03x1851066","A03",10.24993152,2.42781940196033
"A03x2005993","A03",10.65767774,1.77621830144187
"A03x2053217","A03",11.91334472,1.30832821163324
"A03x2082804","A03",12.32088044,1.44600867345935
"A03x2225329","A03",13.14778793,1.1715633809643
"A03x2340276","A03",13.55553718,0.958100526728913
"A03x2454551","A03",14.38244467,0.821729121861836
"A03x2523512","A03",14.79040423,0.883363543072903
"A03x2583078","A03",15.1985741,0.838686354705999
"A03x2630245","A03",15.60653366,0.893901415881373
"A03x2680580","A03",16.43322729,1.26698770031152
"A03x2743333","A03",17.25992091,1.52103307424369
"A03x2893568","A03",17.66788047,1.62904858208844
"A03x2983118","A03",18.07605034,1.53911733372797
"A03x3002421","A03",18.4840099,1.28051247773482
"A03x3336329","A03",19.31091739,1.2365657754147
"A03x3568227","A03",19.71887695,1.16092292372753
"A03x3774722","A03",20.12704689,1.35476502720388
"A03x3870878","A03",20.53527004,1.43443845459188
"A03x3908627","A03",20.53527109,1.43443863185848
"A03x3997839","A03",21.36180046,0.787643768231874
"A03x4076710","A03",22.18806301,0.872755719235613
"A03x4173377","A03",23.44359305,0.339050212725454
"A03x4240578","A03",24.73778809,0.486264934698056
"A03x4296437","A03",25.15752592,0.538319453784709
"A03x4334970","A03",25.57770113,0.561253438867652
"A03x4378468","A03",25.99787634,0.649162048558878
"A03x4610440","A03",26.41783475,0.524777794933073
"A03x4610765","A03",27.26953321,0.946377950187866
"A03x4650187","A03",27.68951956,0.933546918464117
"A03x4696463","A03",27.68952061,0.933546922499829
"A03x4793357","A03",28.10972385,0.973198384691898
"A03x4887974","A03",28.52992708,1.1984382809618
"A03x4978409","A03",28.52992813,1.19843799336286
"A03x5068034","A03",28.95011608,1.63774328401064
"A03x5228969","A03",29.40041366,1.38014276784861
"A03x5282749","A03",29.85067975,1.21639648757434
"A03x5377872","A03",30.30094585,1.00348272900874
"A03x5439663","A03",30.75121194,0.986129994671956
"A03x5537477","A03",31.20147805,1.04879082977101
"A03x5597431","A03",31.65102677,0.948041321565597
"A03x5810755","A03",33.54192665,0.872432132175334
"A03x5905316","A03",33.99272627,0.785694696640633
"A03x6036372","A03",35.38972661,0.277238446665251
"A03x6154518","A03",35.8109148,0.286522495575412
"A03x6186685","A03",36.23259034,0.264165621046118
"A03x6224923","A03",36.65426587,0.221644493243446
"A03x6322505","A03",37.07572384,0.305563668548757
"A03x6386360","A03",37.930467,0.452519527086849
"A03x6417941","A03",38.35193731,0.440535613191742
"A03x6438843","A03",38.76130593,0.538876713302329
"A03x6622094","A03",39.59042964,0.939852277431896
"A03x7347941","A03",41.29236475,0.570444478599825
"A03x8080092","A03",42.12148846,0.406915931285198
"A03x8109794","A03",42.53086318,0.352136987096173
"A03x8169851","A03",42.9404492,0.329344056361151
"A03x8249284","A03",43.34888126,0.194843446840594
"A03x8382099","A03",45.05081201,0.145919844112143
"A03x8429428","A03",46.30996029,0.416416539413717
"A03x8538596","A03",47.13929085,0.287418245191589
"A03x8743700","A03",47.57833498,0.235550569431211
"A03x8812715","A03",48.01733245,0.236256348597408
"A03x8927035","A03",48.90847836,0.201810128558122
"A03x8966639","A03",49.34747583,0.252435192017231
"A03x9043360","A03",49.78670047,0.217831931988201
"A03x9208458","A03",50.22592511,0.2835368539142
"A03x9233927","A03",50.66514975,0.224788117332935
"A03x9334213","A03",51.10414722,0.220020126307361
"A03x9453646","A03",51.9950617,0.217398480687507
"A03x9519345","A03",52.88597632,0.207875561324329
"A03x9829397","A03",53.32449071,0.149363214725781
"A03x9953796","A03",54.15329711,0.107593029120665
"A03x10362678","A03",56.29876987,0.022519072138266
"A03x10573020","A03",56.70607846,0.0137569675675309
"A03x10583907","A03",57.11403724,0.0113534068784134
"A03x10645630","A03",57.94094473,0.0260245950987041
"A03x10699747","A03",58.34890429,0.0452887896798302
"A03x10739121","A03",58.75707338,0.0499842862898277
"A03x10838879","A03",59.16524324,0.0522905907612312
"A03x10877209","A03",59.5732028,0.0324279758793296
"A03x11036908","A03",60.40011029,0.0468099517649421
"A03x11077854","A03",60.80806985,0.0677330244681684
"A03x11181150","A03",61.21623972,0.0615565151655915
"A03x11287634","A03",61.62440978,0.110144695963129
"A03x11466142","A03",62.03219885,0.0500709938896193
"A03x11791866","A03",62.43972759,0.0555986680586784
"A03x12021134","A03",64.13580299,0.0441210965126402
"A03x12103128","A03",64.54333159,0.115562239783117
"A03x12175322","A03",64.95150146,0.186435616132258
"A03x12338072","A03",65.35967133,0.0566426434226059
"A03x12374307","A03",65.76784119,0.0538720457233239
"A03x12501698","A03",66.17601106,0.0514341361850938
"A03x12560745","A03",66.58418093,0.00223208750770709
"A03x12679724","A03",66.9923508,0.00626333092634468
"A03x12854571","A03",67.40052066,0.00111214280536842
"A03x12997092","A03",67.80869053,0.000194203143848881
"A03x13128260","A03",68.2168604,0.013284135701042
"A03x13327802","A03",68.62481996,0.0589088540611442
"A03x13531256","A03",69.45129618,0.0424872466700776
"A03x13687552","A03",70.70728467,0.201771526684752
"A03x13717255","A03",71.11503043,0.207186992278878
"A03x13794333","A03",71.5232003,0.107874251872488
"A03x13992712","A03",71.93137017,0.115931923727715
"A03x14066190","A03",72.33954003,0.134632683646146
"A03x14114548","A03",72.7477099,0.191141064180954
"A03x14164882","A03",73.15566946,0.187301320099436
"A03x14236893","A03",73.98257695,0.057596214455657
"A03x14401516","A03",74.3903262,0.0765461236180727
"A03x14491869","A03",75.21723369,0.0785205279300385
"A03x14556707","A03",75.62498294,0.18933286650622
"A03x14585658","A03",76.45189043,0.33634680028581
"A03x14767219","A03",76.85963968,0.400753944350697
"A03x14933805","A03",77.68654678,0.539926869385624
"A03x15147742","A03",78.09386487,0.58084864479207
"A03x15289860","A03",79.79035169,0.749260113492426
"A03x15439617","A03",80.1978797,0.706187205487424
"A03x15552364","A03",80.60604957,0.813680563329001
"A03x15589868","A03",81.01400912,0.797578618876059
"A03x15613235","A03",81.84091662,0.699603805771631
"A03x15810350","A03",82.24866586,0.806034536086997
"A03x15983737","A03",83.07557336,0.733899100322446
"A03x16016626","A03",83.48353292,0.581792275412113
"A03x16128634","A03",83.89149247,0.479265503999898
"A03x16214316","A03",84.71839997,0.556845085411794
"A03x16315533","A03",85.12614921,0.473365358527531
"A03x16388952","A03",85.95305671,0.747578078659274
"A03x16497890","A03",86.3603748,0.660152943881712
"A03x16763491","A03",88.05686162,0.323567519269659
"A03x16851075","A03",88.46439002,0.374794445723523
"A03x16899208","A03",88.87255989,0.350019561749889
"A03x16905131","A03",89.28072975,0.482908053994777
"A03x16921981","A03",89.68889962,0.619937958539424
"A03x17000953","A03",90.09706949,0.619957186615125
"A03x17151125","A03",90.50481525,0.692770083103653
"A03x17233425","A03",91.76102131,0.532066810551726
"A03x17428794","A03",92.16876707,0.443529207826771
"A03x17636243","A03",92.57693694,0.396680925825194
"A03x17891230","A03",92.9851068,0.436702088096069
"A03x17945633","A03",93.39327667,0.458825418965944
"A03x17995728","A03",93.80123623,0.629600762363225
"A03x18057169","A03",94.62814372,0.675675357619582
"A03x18192977","A03",95.03546182,0.514458917079878
"A03x18279509","A03",96.7317272,0.210645572060457
"A03x18446954","A03",97.55798239,0.182913130018619
"A03x18490878","A03",97.96594195,0.240938879859755
"A03x18614669","A03",98.37411182,0.158910871197918
"A03x18787974","A03",98.78207137,0.087087453361562
"A03x19141176","A03",99.60897887,0.145173160948161
"A03x19168325","A03",100.0169384,0.117281602186836
"A03x19327483","A03",100.4251083,0.170450792535235
"A03x19407869","A03",100.8330678,0.152778489265017
"A03x19521630","A03",101.6599753,0.128457983241674
"A03x19572534","A03",102.0679349,0.128458325595147
"A03x19588780","A03",102.4761048,0.143868692393653
"A03x19731924","A03",102.8840643,0.157338928815705
"A03x19849963","A03",103.710758,0.155613913509058
"A03x19928814","A03",104.5374516,0.152940204584638
"A03x20027810","A03",104.9454111,0.173110685982692
"A03x20139956","A03",105.353581,0.185899985678134
"A03x20186818","A03",105.7617509,0.27373552415429
"A03x20297537","A03",106.1694966,0.249089360397591
"A03x20335868","A03",107.4254851,0.300067116013111
"A03x21053512","A03",108.2519614,0.212852853513198
"A03x21769356","A03",108.6592794,0.214878159038221
"A03x21952964","A03",110.3557663,0.0654934532986431
"A03x22151769","A03",110.7630844,0.0947167562825939
"A03x22397890","A03",111.5899919,0.221139112192986
"A03x22464203","A03",111.9977411,0.315870016743077
"A03x22601970","A03",112.8246486,0.226617491316517
"A03x22602321","A03",113.2323978,0.171301467649812
"A03x22879126","A03",114.0588741,0.134705755487801
"A03x23207388","A03",115.3148626,0.0858578606479909
"A03x23208268","A03",115.7226083,0.0986610463093029
"A03x23338138","A03",116.1307782,0.0403629528367446
"A03x23614347","A03",116.5383066,0.0235860333879714
"A03x24029011","A03",118.2343469,0.00751371250902366
"A03x24086683","A03",119.4896718,0.000685093777235579
"A03x24199357","A03",120.316148,0.0114102390864446
"A03x24259169","A03",120.7241075,0.00865388066051764
"A03x24393294","A03",121.1322774,7.64257450214245e-05
"A03x24556705","A03",121.5400232,0.00568337219976911
"A03x24723428","A03",122.7962292,0.0486105502990881
"A03x24950242","A03",123.2019491,0.0335100473308785
"A03x25669408","A03",127.7970353,0.0303184184200518
"A03x25858565","A03",129.0495437,0.130533977920322
"A03x26452643","A03",132.6257813,0.0723508517975802
"A03x26563440","A03",133.0313161,0.138142797365902
"A03x26868118","A03",135.6155807,0.060538089181307
"A04x92546","A04",0,0.00016214397493286
"A04x241595","A04",0.382748284,6.038677122433e-05
"A04x275110","A04",1.209442019,0.000649104389196964
"A04x338930","A04",2.036135649,0.0695745977455999
"A04x353174","A04",2.444095206,0.0591478456330492
"A04x411597","A04",2.852265074,0.013250229448829
"A04x621065","A04",3.260434941,0.00457234375278404
"A04x678975","A04",3.668604808,0.00545773418787121
"A04x695170","A04",4.076774675,0.00105422729427573
"A04x825193","A04",4.484944542,0.00112912725518299
"A04x932068","A04",4.893114409,0.00350272942415586
"A04x1011208","A04",5.301284276,0.00466683504038201
"A04x1027875","A04",5.709454143,0.0123212268884458
"A04x1071274","A04",6.117624011,0.00207989469885206
"A04x1090746","A04",6.525793879,0.021743498729677
"A04x1187017","A04",6.933753434,0.00394857977079255
"A04x1283259","A04",7.760660928,0.00446702726873127
"A04x1299887","A04",8.168620484,0.017947035945383
"A04x1409492","A04",8.576790352,0.0205286704381251
"A04x1459842","A04",8.98496022,0.0597687865398484
"A04x1470653","A04",9.392919777,0.0724528009221217
"A04x1551326","A04",10.21961341,0.0260956168079929
"A04x1660172","A04",11.04542998,0.0569524686579825
"A04x1835717","A04",13.19339912,0.0652190448536203
"A04x1888482","A04",13.60049618,0.0766864575708155
"A04x2014152","A04",14.42740368,0.0122249684519034
"A04x2224862","A04",14.83515293,0.00248419626467467
"A04x2508430","A04",15.66206042,0.0100142560738732
"A04x2638407","A04",16.06980967,4.76590963103263e-05
"A04x2902730","A04",16.89671726,0.00360064968992901
"A04x2952567","A04",17.30470239,0.000247979719404157
"A04x3248299","A04",17.30470344,0.000247977314586478
"A04x3436561","A04",17.7128989,0.0488048144546838
"A04x3550818","A04",18.12085855,0.0542989206047082
"A04x3658159","A04",18.94776604,0.00722900181551722
"A04x3829663","A04",19.3557256,0.00953492058010852
"A04x4348071","A04",19.76389546,0.000466656127343867
"A04x4692055","A04",20.17174855,5.35125593614794e-07
"A04x6292708","A04",21.21167548,3.06591920207211e-06
"A04x6979546","A04",22.25120283,0.00522794850837727
"A04x7311385","A04",22.65884592,0.000732024926094255
"A04x7829955","A04",23.48543962,0.0477235674092071
"A04x8057263","A04",23.89339933,0.096069434134904
"A04x8392208","A04",24.3015692,0.097468388345419
"A04x8538423","A04",24.70973906,0.130196660151626
"A04x8655407","A04",25.11790893,0.130198924116598
"A04x8924483","A04",25.5260788,0.117465446167955
"A04x9039559","A04",25.93424906,0.10386898432705
"A04x9150591","A04",26.3416434,0.125385725425815
"A04x9375663","A04",26.74960326,0.106627637883264
"A04x9583674","A04",27.57550163,0.0934751419470103
"A04x9690246","A04",28.40198141,0.0346998957542723
"A04x10038414","A04",29.22824337,0.0242662438810726
"A04x10283910","A04",30.48423186,0.00141776678452743
"A04x10620604","A04",30.89176693,0.00260789098825853
"A04x10806068","A04",31.71867442,0.0134770597248348
"A04x10935769","A04",32.12663398,0.0158459340023569
"A04x11047501","A04",32.53480385,0.0100609566025582
"A04x11075431","A04",32.94297371,0.0098368319189035
"A04x11538592","A04",33.35114358,0.00983546406780533
"A04x11952922","A04",33.75931345,0.000929852548040344
"A04x12186306","A04",34.16748331,0.000208203268812213
"A04x12327483","A04",34.57555382,0.00270460268501438
"A04x12461375","A04",35.18037786,0.02312474167951
"A04x12652115","A04",37.08836874,0.0433892679818086
"A04x12767693","A04",38.78407053,0.00145851265693864
"A04x12883502","A04",39.19159894,2.63034793874795e-05
"A04x12949835","A04",39.59976881,0.000447842867288273
"A04x13143327","A04",40.00772759,0.00678271908640227
"A04x13368555","A04",40.83463508,0.00126271358305985
"A04x13500064","A04",41.24259503,0.0063475133701445
"A04x13670414","A04",41.64998859,0.000366639855883477
"A04x13790497","A04",42.05794884,0.000407764305805358
"A04x13940190","A04",42.88384721,0.00040962320321114
"A04x13967699","A04",43.71054124,0.00421179344129996
"A04x14066977","A04",44.1185008,0.000429925495154748
"A04x14188741","A04",44.52667067,0.000875175565056452
"A04x14268002","A04",44.93484053,0.00116980875378658
"A04x14316164","A04",45.3430104,0.0346642273917723
"A04x14375964","A04",45.75097036,0.0435772511387427
"A04x14475178","A04",46.57643111,0.036646203080295
"A04x14677493","A04",48.27269546,0.142443138947385
"A04x14774088","A04",48.67902507,0.161581772537943
"A04x14926909","A04",49.93501396,0.306609823082169
"A04x15025757","A04",50.76127632,0.380889079788801
"A04x15065928","A04",51.58796996,0.284247841206138
"A04x15124232","A04",51.99592951,0.276244198527422
"A04x15133897","A04",52.40409953,0.395503399496533
"A04x15204133","A04",52.81196754,0.366808918463505
"A04x15223661","A04",53.21927518,0.377216955121639
"A04x15452083","A04",55.36713468,0.134168407962648
"A04x15543152","A04",55.77401813,0.130232392313076
"A04x15596675","A04",57.02978551,0.0749523077978438
"A04x15617584","A04",58.28542156,0.000820538517302793
"A04x15622004","A04",58.69252598,0.000807776643796387
"A04x15844084","A04",60.38887802,0.0855698872794619
"A04x16024261","A04",60.79640622,0.0982215340337689
"A04x16058911","A04",61.20436579,0.0775386219249299
"A04x16120075","A04",62.03084234,0.132824047697284
"A04x16182858","A04",63.2607492,0.096060889804221
"A05x1577781","A05",0,0.373508503857067
"A05x1622401","A05",0.800839128,0.145073963459652
"A05x1661031","A05",2.056164242,0.0709290814341443
"A05x1729962","A05",3.751529142,0.106617876011796
"A05x1825144","A05",5.446665181,0.0584186827738904
"A05x1866572","A05",7.142255182,0.0523487135178016
"A05x1879454","A05",7.968079118,0.0125765071960586
"A05x1903339","A05",9.223850041,0.0111358248716442
"A05x1918234","A05",10.05032614,0.000177264110902797
"A05x1923147","A05",10.4582857,0.0304814664468722
"A05x1974237","A05",10.86603146,0.022963524239799
"A05x2105622","A05",12.12223738,0.00139926612376939
"A05x2275228","A05",12.52998314,0.000711035153130979
"A05x2348317","A05",12.9379427,0.00118419917112078
"A05x2352063","A05",13.7648502,0.00525156534035887
"A05x2355391","A05",14.17280975,0.0010030864278292
"A05x2486145","A05",14.58097963,0.0146867340723134
"A05x2570810","A05",14.98736439,0.00634478159588525
"A05x2804444","A05",19.06648229,0.067038208586041
"A05x2841024","A05",19.47286705,0.0847398187351018
"A05x2858252","A05",19.88103692,0.0971950092431939
"A05x2890831","A05",20.28920683,0.0831635457699349
"A05x2915370","A05",20.68716312,0.0473631207490257
"A05x18843289","A05",47.05966504,0.00832344465425194
"A05x18875715","A05",47.45762133,0.0135687519107819
"A05x18948334","A05",47.86536713,0.0438846848061303
"A05x19173991","A05",49.12157319,0.0950570306748091
"A05x19231433","A05",49.52910864,0.136593196052218
"A05x19401224","A05",50.35601621,0.113725298686063
"A05x19519917","A05",50.76383207,0.105036092625141
"A05x19554873","A05",51.16997618,0.0905554792020666
"A05x21146194","A05",55.76537898,0.119298693714825
"A05x21214957","A05",56.17152303,0.189245113051186
"A05x21318830","A05",56.57969291,0.280749074053688
"A05x21356902","A05",56.98786278,0.638361642803659
"A05x21443379","A05",57.39603264,0.859414554922182
"A05x21472317","A05",57.8041714,0.945277961588829
"A05x21498653","A05",58.27402966,0.837121341919328
"A05x21607040","A05",58.74367708,0.844718918278602
"A05x21736237","A05",59.57055294,0.773354554369348
"A05x21782489","A05",59.9785125,0.773358231295674
"A05x21842335","A05",60.38647206,0.847616554682475
"A05x22027911","A05",61.21337955,0.92837667163684
"A05x22054988","A05",61.6213399,0.920372069411314
"A05x22096840","A05",62.02751921,0.988930974710229
"A05x22228096","A05",63.2837247,1.06008422022512
"A05x22424356","A05",63.69002549,0.985108881480357
"A05x22431494","A05",64.51735046,0.870066121097466
"A05x22494227","A05",65.34467463,0.774508748520304
"A05x22531936","A05",65.75210395,0.527213030387031
"A05x22647428","A05",67.90132571,0.134161647567169
"A05x22705790","A05",68.72737927,0.14205320973997
"A05x22733449","A05",69.55385891,0.12744160447005
"A05x22820030","A05",70.38015897,0.183692273622512
"A05x22890915","A05",70.78790841,0.153104519774729
"A05x22915996","A05",71.61481591,0.0968921959176328
"A05x22952422","A05",72.02277547,0.17590914981588
"A05x22970845","A05",72.43030387,0.154483403734332
"A05x23034115","A05",74.12679069,0.4279746546311
"A05x23062880","A05",74.53431948,0.206489625204142
"A05x23106546","A05",74.94150367,0.170008931371854
"A05x23209475","A05",75.76819768,0.205171721585486
"A05x23283446","A05",76.59409611,0.0792400212157531
"A05x23322202","A05",77.00205607,0.117272760023866
"A05x23393567","A05",77.40958446,0.0867795608867254
"A05x23535088","A05",79.10607118,0.00477155969610976
"A05x23620380","A05",79.51359958,0.0367795526445889
"A05x23680073","A05",79.92176945,0.070225115966764
"A05x23834191","A05",80.32993932,0.0646368680941123
"A05x23959364","A05",80.73810919,0.0219666880309433
"A05x24008224","A05",81.14585495,0.0132998434424962
"A05x24071707","A05",82.402061,0.0112837659484057
"A05x24103894","A05",82.80980677,0.0112839773061637
"A05x24239477","A05",83.21797664,0.0142391447118371
"A05x24350305","A05",83.6259362,0.0204119256720219
"A05x24403127","A05",84.45219138,0.000330265087768566
"A05x24514039","A05",86.14845677,5.51873318954677e-06
"A05x24617520","A05",86.55577486,0.0261398485262703
"A05x24960351","A05",87.38268236,0.013726233566274
"A05x25053034","A05",87.79064191,0.0451201717452818
"A05x25114880","A05",88.19881178,0.0375732912007152
"A05x25134397","A05",88.60634018,0.00118736783974782
"A05x25214914","A05",90.30282711,0.0425641374237102
"A05x25226253","A05",90.68514445,0.0376514410784239
"A06x3807723","A06",0,0.0553900319241052
"A06x3834598","A06",0.382958488,0.00145100385856267
"A06x3876969","A06",0.790918148,0.0019812919580886
"A06x3931660","A06",1.617825642,0.026896321949323
"A06x3966070","A06",2.025785201,0.0431132160352377
"A06x3997574","A06",2.433092585,0.07661608555361
"A06x4102597","A06",4.580832508,0.0242350212452038
"A06x4282185","A06",5.836146304,0.00102558381820472
"A06x4290899","A06",6.243892076,0.000728922050655001
"A06x4332763","A06",6.652061946,0.00938776379081219
"A06x4556763","A06",7.060021503,0.00267021785987254
"A06x4727351","A06",7.886715133,0.00107240128738795
"A06x4899004","A06",8.713408767,0.00529584246464765
"A06x5123487","A06",9.120281056,0.012043060704741
"A06x5400835","A06",11.73208057,0.0326391167948827
"A06x5582169","A06",12.13916317,0.0458186803609806
"A06x5636968","A06",12.54733304,0.0290191459147877
"A06x5658395","A06",12.95529259,0.0556759319857747
"A06x5869330","A06",13.78220009,0.109830535181402
"A06x5870097","A06",14.19004352,0.0407162932076517
"A06x5980083","A06",14.82887427,0.0840077055281654
"A06x6092010","A06",15.46767948,0.142444361630567
"A06x6149839","A06",15.88984692,0.179660411348777
"A06x6182960","A06",17.92363044,0.143362059543676
"A06x6224612","A06",18.40607428,0.161285054302482
"A06x6323309","A06",18.88929051,0.0863724904472178
"A06x6422821","A06",19.37257169,0.0879520893065546
"A06x6567522","A06",19.79561732,0.0348926971348078
"A06x6674642","A06",20.21869333,0.132403752208972
"A06x6728764","A06",20.64177011,0.0993800273581655
"A06x6907055","A06",21.06333172,0.0903383899299115
"A06x7145298","A06",21.48640905,0.0131628436055848
"A06x7297773","A06",21.90797066,0.0159270137629051
"A06x7379978","A06",22.33104744,0.0206417976403372
"A06x7391272","A06",22.75390507,0.0202116311008922
"A06x7433756","A06",23.61161408,0.000432811546204448
"A06x7463671","A06",24.03447172,0.00527872267582552
"A06x7626015","A06",24.45732935,0.0202035362617607
"A06x7986188","A06",25.31503837,0.0237987808435491
"A06x8167828","A06",25.737896,0.000765477848517548
"A06x8531670","A06",26.16098729,4.62910185206056e-05
"A06x8622637","A06",26.56914962,0.00319898987225997
"A06x8655497","A06",26.97730839,0.0341341297889812
"A06x8686994","A06",27.40680008,0.103409933749049
"A06x8739078","A06",29.20067836,0.136986386367482
"A06x8867565","A06",29.6301908,0.109736978450087
"A06x9114826","A06",29.63019185,0.109736956115
"A06x9342457","A06",30.08497561,0.0754856605905729
"A06x9393561","A06",30.53949028,0.152029327870991
"A06x9507218","A06",31.46292366,0.191251263607853
"A06x9612586","A06",31.91743825,0.0664309561199161
"A06x9706189","A06",32.37146677,0.0411643498309218
"A06x9978506","A06",34.27548846,0.00161102373647282
"A06x10175707","A06",34.72951698,0.0170918772579967
"A06x11042216","A06",35.18407002,0.0339320424908465
"A06x14144472","A06",36.05639231,0.00164755673864647
"A06x14379326","A06",36.92872729,0.0819714047987645
"A06x14927290","A06",37.3587435,0.107768063806247
"A06x15466097","A06",37.78900481,0.129969768651108
"A06x15625710","A06",38.19695322,0.143651253797259
"A06x15648109","A06",39.02386071,0.189975602009156
"A06x15703657","A06",39.43182027,0.123153568245357
"A06x15888100","A06",39.83999014,0.100159976984628
"A06x16052656","A06",40.24816,0.106301719648002
"A06x16272595","A06",40.65632987,0.15044451759502
"A06x16512177","A06",41.06449974,0.143196626859321
"A06x16718394","A06",41.47245929,0.078740250306339
"A06x16850333","A06",42.29936679,0.188928653706796
"A06x16894473","A06",42.70732634,0.161055952221716
"A06x17027456","A06",43.11549621,0.156198782322235
"A06x17169190","A06",43.52366608,0.17410717762192
"A06x17343471","A06",43.93183595,0.265196764207019
"A06x17467245","A06",44.34000581,0.0911925022734295
"A06x17596788","A06",44.74817568,0.0943782017981221
"A06x17724226","A06",45.15634555,0.161980193238662
"A06x17887716","A06",45.5643051,0.134772428765586
"A06x18162101","A06",46.3912126,0.233799454759946
"A06x18258572","A06",46.79917224,0.168444008043764
"A06x18282875","A06",47.20736774,0.099093770858758
"A06x18550224","A06",47.20736879,0.0990938068672449
"A06x18963504","A06",47.61556425,0.0720605624670725
"A06x19003983","A06",48.02352389,0.10757148627124
"A06x19057417","A06",48.85043134,0.139419515493444
"A06x19065113","A06",49.25839089,0.219993573063903
"A06x19168959","A06",49.66635045,0.465186609275008
"A06x19335038","A06",50.49325794,0.498652089161908
"A06x20125742","A06",50.9012175,0.516612874281577
"A06x20199695","A06",51.30938737,0.642616216471197
"A06x20213670","A06",51.71755716,0.501008583212638
"A06x20222354","A06",52.12572703,0.571493107855588
"A06x20238371","A06",52.53387666,0.641355044987449
"A06x20432109","A06",52.98194253,0.640168059673442
"A06x20616311","A06",53.89193706,0.593185093305124
"A06x20713866","A06",54.33875139,0.730187114450644
"A06x20780135","A06",57.23988677,0.281824821248961
"A06x20857317","A06",57.64683012,0.249574163304146
"A06x20968975","A06",58.055,0.291456303727216
"A06x20983253","A06",58.46316975,0.522490736980842
"A06x20992009","A06",58.87112931,0.496242544055292
"A06x21034854","A06",59.6980368,0.72045242463355
"A06x21165255","A06",60.10557252,0.422106359849522
"A06x21255416","A06",61.36102204,0.352593072199909
"A06x21312795","A06",62.18749852,0.162835921690487
"A06x21369853","A06",62.59494586,0.216113033932004
"A06x21488412","A06",63.00290568,0.176889511602099
"A06x21534924","A06",63.82981317,0.0836226919720389
"A06x21566743","A06",64.23777352,0.0640576318194803
"A06x21606058","A06",64.64416481,0.136137593751698
"A06x21623986","A06",65.47107305,0.0544876488422688
"A06x21659075","A06",65.87746433,0.0139027467868118
"A06x21677198","A06",66.28563499,0.0112172043509418
"A06x21852390","A06",66.69359455,0.000602593618395986
"A06x21889982","A06",67.52028818,0.000750939402394124
"A06x21968965","A06",68.34698181,0.0102473716594886
"A06x22049007","A06",68.75494137,0.0391065022747625
"A06x22141386","A06",69.16290092,0.0350732475555446
"A06x22222087","A06",69.98980842,0.0489618012455253
"A06x22414328","A06",70.39776797,0.101763578644977
"A06x22495533","A06",70.80593784,0.0932540415169001
"A06x22528507","A06",71.21410771,0.159821369923236
"A06x22563280","A06",71.62227757,0.18268117475094
"A06x22573700","A06",72.03044744,0.162997053495587
"A06x22616349","A06",72.43861731,0.181961005557696
"A06x22704278","A06",72.84636307,0.140330758247501
"A06x22733245","A06",74.10256913,0.34567701087758
"A06x22790786","A06",74.50967343,0.137925137957211
"A06x22977608","A06",76.20616025,0.190147543173168
"A06x23089822","A06",76.61368865,0.110891662050506
"A06x23145693","A06",77.02185852,0.140582639511024
"A06x23170515","A06",77.43002838,0.235107401482878
"A06x23173550","A06",77.83819825,0.315461442364835
"A06x23188139","A06",78.24636812,0.301969903339227
"A06x23261963","A06",78.65453798,0.20850353314205
"A06x23320853","A06",79.06270785,0.0584326145180967
"A06x23370989","A06",79.47066741,0.0487984244244331
"A06x23487869","A06",80.29736104,0.0425582331884016
"A06x23494062","A06",81.12405467,0.00342442656415187
"A06x23548075","A06",81.53201423,0.00285118951762797
"A06x23620292","A06",81.94018409,0.000896849722209936
"A06x23684078","A06",82.34814365,0.00714690849423505
"A06x23861639","A06",83.17505115,0.0388313087682945
"A06x23908707","A06",83.5825866,0.0107137247957212
"A06x23968183","A06",84.83857509,0.00567301531702924
"A06x24029730","A06",85.66483745,0.0136306840710745
"A06x24148887","A06",86.49153108,0.0696906990934849
"A06x24176157","A06",86.89949064,0.17295481796566
"A06x24234183","A06",87.30766051,0.144153215384733
"A06x24335210","A06",87.71562007,0.19427948603834
"A06x24422253","A06",88.54231369,0.0415923451648155
"A06x24438966","A06",89.36900732,0.0169488550442338
"A06x24562432","A06",89.77696688,0.016199231331143
"A06x24648046","A06",90.18492644,0.0122561951918669
"A06x24751617","A06",91.01162007,0.0205781099786009
"A06x24802441","A06",91.83809984,0.00953655562460654
"A06x24910518","A06",92.66479347,0.0115158571326219
"A06x25010898","A06",93.07275303,0.0125928011930228
"A06x25050435","A06",93.480923,0.0253756954466553
"A06x25142452","A06",93.86388148,0.00582131429325727
"A07x121679","A07",0,0.01069848601594
"A07x238240","A07",0.382748289,0.00315196762886671
"A07x385264","A07",1.208778824,0.011640620080243
"A07x451648","A07",3.356747956,0.0080696810379095
"A07x648541","A07",3.763845025,0.00055923946808889
"A07x854720","A07",4.590752525,0.017965297190301
"A07x1026814","A07",4.998287976,0.0232981119284545
"A07x1164000","A07",6.254494034,0.0976914624481537
"A07x1247306","A07",6.662239795,0.143345149481377
"A07x1668071","A07",7.070409665,0.134880273930492
"A07x1726244","A07",7.478155426,0.100237245886319
"A07x1912144","A07",8.734361489,0.163711580078029
"A07x1916232","A07",9.14079141,0.34128425954799
"A07x2612153","A07",12.22848927,0.0496952634967442
"A07x2777680","A07",12.63402758,0.0417760455068787
"A07x7849660","A07",15.72147692,0.277217248906823
"A07x8125711","A07",16.12833113,0.164891262035439
"A07x9046546","A07",16.53628941,0.096570521606111
"A07x9118045","A07",16.94403528,0.16303026936464
"A07x9212629","A07",18.20024134,0.221493361093508
"A07x9353173","A07",18.6079871,0.101713061299279
"A07x9494047","A07",19.01615697,0.0762410595356187
"A07x9609685","A07",19.42432684,0.0550701654331647
"A07x9765112","A07",19.83228679,0.041253112552738
"A07x9827612","A07",20.65839902,0.0334068456318164
"A07x10044896","A07",21.06635926,0.0540105425718593
"A07x10348983","A07",21.4735433,0.0540122273633301
"A07x10543102","A07",22.30001993,0.0417356579911825
"A07x10909029","A07",23.55579086,0.204379401681251
"A07x11085819","A07",24.38116145,0.29022684528087
"A07x11517406","A07",26.99273127,0.387745293213413
"A07x11706630","A07",27.39981387,0.329992830065635
"A07x11822636","A07",27.80798374,0.461850565374789
"A07x11888127","A07",28.21615361,0.470377306964451
"A07x11983411","A07",28.62432348,0.350687781951592
"A07x12062969","A07",29.03228303,0.32016894442927
"A07x12090449","A07",29.85919053,0.174330174092518
"A07x12182836","A07",30.26693978,0.188317157370648
"A07x12258663","A07",31.093416,0.499054633605851
"A07x12400189","A07",32.34940449,0.495814760281121
"A07x12567462","A07",32.75715025,0.649448201988719
"A07x12634162","A07",33.16532012,0.695212556474246
"A07x12648078","A07",33.57348999,0.716601022792361
"A07x12700299","A07",33.98165986,0.556150022699569
"A07x12724385","A07",34.38940563,0.575066197860622
"A07x12886330","A07",35.64494807,0.685437570477916
"A07x13007264","A07",37.34098836,1.12274610886641
"A07x13166525","A07",37.74851676,1.07480069548484
"A07x13241485","A07",38.1564765,1.22935073772663
"A07x13277080","A07",38.98321978,1.28224107166932
"A07x13478964","A07",38.98322083,1.28224135744205
"A07x13794919","A07",39.39144398,1.13045653284451
"A07x14054957","A07",39.79875143,1.08518864928772
"A07x14241556","A07",41.94694599,1.24392619597711
"A07x14542108","A07",42.35425345,1.02229808648485
"A07x14619522","A07",42.7624489,0.77304195550289
"A07x14892287","A07",42.76244995,0.773041935980189
"A07x15319042","A07",43.17064541,0.773037197912572
"A07x15471274","A07",43.57881537,0.715840113583056
"A07x15610627","A07",43.98634377,0.618228296276641
"A07x15766300","A07",45.68283059,0.333045376678626
"A07x15862516","A07",46.09035898,0.266851846557756
"A07x16000246","A07",46.49852885,0.198533666747096
"A07x16094553","A07",46.90648841,0.182631931106926
"A07x16117168","A07",47.7333959,0.132036907434724
"A07x16245305","A07",48.14135546,0.12272488906558
"A07x16346835","A07",48.54952533,0.125521933793095
"A07x16383905","A07",48.95769519,0.107421729890746
"A07x16544081","A07",49.36586506,0.104845956115412
"A07x16588001","A07",49.77382462,0.0378168986089236
"A07x16704311","A07",50.60073211,0.00964496012568361
"A07x16788652","A07",51.00869167,0.000112339021939079
"A07x16813814","A07",51.41686153,0.00303996962520614
"A07x16885944","A07",51.8250314,0.0122948634556224
"A07x16929016","A07",52.23277716,0.00212775583469238
"A07x17037431","A07",53.48898322,0.00204454177480784
"A07x17064931","A07",53.89672898,0.00125680355523627
"A07x17208726","A07",54.30489885,0.00125808963252894
"A07x17286488","A07",54.71264461,0.0182270360941743
"A07x17345797","A07",55.96885067,0.00952919401441932
"A07x17409431","A07",56.37638612,0.0437926637274586
"A07x17550082","A07",57.20329362,0.150738360786875
"A07x17706081","A07",57.61125318,0.196802442820911
"A07x17874990","A07",58.01899894,0.17563464752709
"A07x18044991","A07",59.27498743,0.141837221071341
"A07x18181350","A07",60.10081137,0.268877032696309
"A07x18311633","A07",61.79640177,0.392783260698309
"A07x18659947","A07",63.49162986,0.646267744394493
"A07x18905857","A07",63.49163091,0.646267544488126
"A07x19162343","A07",63.89991084,0.646356036786756
"A07x19348283","A07",64.30808154,1.06464203173255
"A07x19430693","A07",64.71468282,0.888202293640518
"A07x19521092","A07",65.12285406,0.874542830016708
"A07x19691308","A07",65.52945534,1.05231239414809
"A07x19836643","A07",65.937626,1.03102347994928
"A07x19932348","A07",66.34579587,0.993211177823014
"A07x20093612","A07",66.75396549,1.09524530702237
"A07x20152281","A07",67.16262719,1.54694733870434
"A07x20161718","A07",67.57128841,1.45193178759581
"A07x20218053","A07",67.97994962,2.0477025966585
"A07x20306343","A07",68.38861083,2.13722904791194
"A07x20327405","A07",68.79706151,1.99445918572246
"A07x20365757","A07",69.62492758,1.97714438854644
"A07x20416077","A07",70.03316772,1.72449455907719
"A07x20505698","A07",70.86103379,1.12161968601299
"A07x20677179","A07",71.26948421,1.07541443870423
"A07x20754523","A07",71.67814542,0.861350711794387
"A07x20860900","A07",72.08638224,0.806628354671034
"A07x20908261","A07",73.34371755,0.99002390702276
"A07x20956447","A07",73.75174392,0.88622412029406
"A07x22007451","A07",74.57935071,0.523825648636034
"A07x22070342","A07",74.9870996,0.615746155274849
"A07x22133032","A07",75.81379323,0.929133411592716
"A07x22215077","A07",76.64048686,0.865797198281086
"A07x22289114","A07",77.04844721,0.597003022394404
"A07x22314287","A07",77.45504848,0.44530161691722
"A07x22408132","A07",77.86321973,0.386952785747383
"A07x22486148","A07",78.2696107,0.531341726075766
"A07x22647958","A07",79.09630514,0.430532005596092
"A07x22692829","A07",79.92299877,0.647147123209209
"A07x22830124","A07",80.33095832,0.633881633339854
"A07x22872986","A07",80.73891788,0.466884054987304
"A07x22918500","A07",81.56582537,0.405904109416099
"A07x22975460","A07",81.97378493,0.64796821860665
"A07x23011992","A07",82.38174449,0.549605680065952
"A07x23091053","A07",83.20822071,0.246457172292025
"A07x23143903","A07",84.46420915,0.340272638730937
"A07x23237339","A07",84.87153082,0.607775873496621
"A07x23354854","A07",86.12684462,0.0537282265827344
"A07x23478865","A07",88.27458449,2.51284079581058
"A07x23537601","A07",88.68189187,2.51713346731566
"A07x23605042","A07",89.09006174,2.84683733084461
"A07x23645561","A07",89.49823161,3.13761436913262
"A07x23672148","A07",89.90619117,3.38818476024329
"A07x23679991","A07",90.73309866,5.12089259649878
"A07x23720157","A07",91.14105822,6.47356042855432
"A07x23736805","A07",91.54922809,5.98265791006605
"A07x23803155","A07",91.95675648,5.95506471594865
"A07x24006484","A07",93.6532433,5.3267223045699
"A07x24146666","A07",94.0607717,5.01821716957744
"A07x24270922","A07",94.46894157,4.60843064401388
"A07x24384605","A07",94.87711144,4.5240999160248
"A07x24403853","A07",95.2848572,0.971802826075248
"A07x24436907","A07",96.54106326,0.508313695870129
"A07x24488159","A07",96.94880902,0.476969523467858
"A07x24763148","A07",97.35697889,0.555775470223693
"A07x24788569","A07",97.76514876,0.196123886061969
"A07x24791395","A07",98.17310832,0.306306288675501
"A07x24855082","A07",98.9993635,0.223022486919376
"A07x25092343","A07",100.6956289,0.570986946743858
"A07x25177545","A07",101.1031573,0.434773734495479
"A07x25254804","A07",101.5109031,0.278385428214165
"A07x25271142","A07",102.7671091,0.193765965081127
"A07x25285271","A07",103.1748549,0.257850975054907
"A07x25320530","A07",103.5826006,0.30495327673151
"A07x25396846","A07",104.8388067,0.205019444660422
"A07x25427207","A07",105.2465525,0.142286866550705
"A07x25602462","A07",105.6547223,0.142274958574717
"A07x25622438","A07",106.0628923,0.0866561742076897
"A07x25674591","A07",106.4458508,0.167607047738159
"A08x146322","A08",0,0.0569800890223178
"A08x536282","A08",0.382534629,0.0506255802602027
"A08x614083","A08",1.638081641,0.155977482907588
"A08x691817","A08",3.298455468,0.234093561419513
"A08x15894414","A08",32.4145848,0.0294048270547478
"A08x15914096","A08",32.81152966,0.0182041580940222
"A08x15932784","A08",33.63799414,0.00524749606040587
"A08x16080276","A08",34.89398263,0.000670210893190415
"A08x16125411","A08",35.30130429,0.00147314638280704
"A08x16193097","A08",36.55751035,7.68016669780991e-05
"A08x16284822","A08",36.9652562,0.00964724555745988
"A08x16439427","A08",37.37345165,0.0225989672581477
"A08x16490601","A08",37.3734527,0.0225989858027447
"A08x16531526","A08",37.78164815,0.0198579613619358
"A08x16611068","A08",38.18981811,0.0217101923122414
"A08x16635085","A08",38.59798798,0.0641693193248329
"A08x16747361","A08",39.00615784,0.015309327705495
"A08x16792474","A08",39.41432771,0.0276848677713701
"A08x16881205","A08",39.82249758,0.0372635362880374
"A08x16963150","A08",40.23045714,0.0677257234916055
"A08x17206648","A08",41.05715077,0.0820659321561834
"A08x17375314","A08",41.88341313,0.08750956950405
"A08x17544268","A08",43.13918405,0.0416045223406627
"A08x17577191","A08",43.96566028,0.106866107395376
"A08x17685414","A08",44.37361984,0.0858992955775193
"A08x17754669","A08",44.7817897,0.0544286846131286
"A08x17782520","A08",45.18995957,0.0295503677170927
"A08x17853286","A08",45.59791913,0.00950477377682546
"A08x17901205","A08",46.42482662,0.0152688277718767
"A08x18009029","A08",46.83236208,0.0109209153961842
"A08x18025027","A08",48.0881294,0.00579432249924139
"A08x18097448","A08",49.34389671,0.00535970813530184
"A08x18124076","A08",49.75164248,0.0227157939368681
"A08x18142290","A08",50.15981235,0.013778590794459
"A08x18227101","A08",50.56798221,0.00328136956454728
"A08x18257328","A08",50.97615208,0.000682098443917312
"A08x18325948","A08",51.38432195,0.000145013334417854
"A08x18403422","A08",51.79249181,0.0002798395611876
"A08x18436576","A08",52.20066168,0.00233901629303546
"A08x18475462","A08",52.60862124,0.00627749575767211
"A08x18520656","A08",53.43552873,0.020102602921952
"A08x18563498","A08",53.84348829,0.0322174550918248
"A08x18583231","A08",54.25165815,0.0281266885523905
"A08x18626666","A08",54.65982802,0.0474290006834508
"A08x18693889","A08",55.06799789,0.0184263030008651
"A08x18740873","A08",55.47616776,0.0317783493033517
"A08x18843709","A08",55.88433762,0.00534775228112494
"A08x18946177","A08",56.29229718,0.00552950771992755
"A08x18983504","A08",57.11899081,0.0157498718838269
"A08x19030325","A08",57.94568444,0.101798608373258
"A08x19036742","A08",58.353644,0.144530486427357
"A08x19039566","A08",58.76181387,0.320309916021074
"A08x19046470","A08",59.16998373,0.345094653532328
"A08x19111798","A08",59.5781536,0.389870855667482
"A08x19167279","A08",59.98546098,0.36172303559016
"A08x19238852","A08",62.13365558,0.299473271497845
"A08x19296692","A08",62.54096295,0.433969256815999
"A08x19323815","A08",62.94913293,0.315821372213861
"A08x19395368","A08",63.35709122,0.518706601506665
"A08x19396976","A08",63.76394539,0.485284343612136
"A08x19582719","A08",66.85126157,0.351835639837645
"A08x19588369","A08",67.67617876,0.316759516721504
"A08x19664282","A08",69.37244416,0.256659393528764
"A08x19676402","A08",69.77976225,0.178811706851945
"A08x19709873","A08",70.60666975,0.0853858899127431
"A08x19862190","A08",71.0146293,0.08335486179908
"A08x20032751","A08",71.42279917,0.107988993419099
"A08x20069136","A08",71.83054495,0.138288534290552
"A08x20128470","A08",73.08585876,0.0286344168152937
"A08x20179260","A08",75.23291097,0.138991308244272
"A08x20250515","A08",76.92848968,0.0267313263929623
"A08x20266527","A08",77.335594,0.0316315652049752
"A08x20440502","A08",78.59180006,0.0193983071335992
"A08x20604270","A08",78.99933551,0.0576179352498798
"A08x20679206","A08",79.826243,0.147416607298737
"A08x20722503","A08",80.23420266,0.150671919882143
"A08x20766708","A08",80.61716117,0.115717603507505
"A09x82831","A09",0,0.174150652448134
"A09x211875","A09",1.229907122,0.163260037790451
"A09x400907","A09",2.05638368,0.180655768382564
"A09x512841","A09",2.464133442,0.263485585428555
"A09x761140","A09",3.290220921,0.176584149863572
"A09x661231","A09",3.290221971,0.176584244725802
"A09x591435","A09",3.697245241,0.221745779690366
"A09x1011043","A09",4.952416059,0.141586820765212
"A09x1147489","A09",7.099595543,0.195590609021792
"A09x1225405","A09",7.925626137,0.0506045813846185
"A09x1295262","A09",8.332859788,0.020742332195141
"A09x1319600","A09",9.589066003,0.0510706779736552
"A09x1412906","A09",9.996811764,0.0825054659993043
"A09x1439644","A09",10.40498163,0.0603322211685509
"A09x1528011","A09",10.8131997,0.180570381850373
"A09x1563612","A09",11.11982032,0.216516881177768
"A09x4409842","A09",25.47712399,0.0193291366089738
"A09x4432703","A09",25.87915504,0.0291471682457995
"A09x4537739","A09",26.28690132,0.0650922277640689
"A09x4734771","A09",27.54231296,0.184802133033429
"A09x4675030","A09",27.54231401,0.184801857892694
"A09x4597771","A09",27.54231506,0.184800946947234
"A09x4867227","A09",30.15322522,0.113182405544251
"A09x4973225","A09",30.56009805,0.1043785463836
"A09x5030016","A09",31.38612848,0.0303533016381721
"A09x5092424","A09",33.53409762,0.0564371094312719
"A09x5203794","A09",33.94031775,0.0167048191005392
"A09x5442162","A09",36.55211726,0.0532244547374034
"A09x5501325","A09",36.95919986,0.0648367726235506
"A09x5563443","A09",37.36736973,0.115200371274398
"A09x5730282","A09",37.7755396,0.158321888032617
"A09x5808648","A09",38.18370946,0.201863797517717
"A09x5821401","A09",38.59187933,0.0829042824500448
"A09x5949472","A09",39.0000492,0.0536034392913507
"A09x6099005","A09",39.4071318,0.0263561877268899
"A09x6316971","A09",42.01893131,0.0123361386193324
"A09x7721246","A09",42.42558981,0.107513584873857
"A09x7577732","A09",43.68179587,0.0153031396188794
"A09x7475257","A09",44.08954163,0.0325184515422734
"A09x7427460","A09",44.4977115,0.0145716275046652
"A09x7400423","A09",44.90567106,0.00709087757121551
"A09x7215343","A09",45.73257856,2.17866993921234e-05
"A09x7054352","A09",46.13967562,0.00150408782366185
"A09x7013962","A09",48.28787006,0.00845760848352484
"A09x6948462","A09",48.69496713,0.00453633860541913
"A09x6889522","A09",49.52187462,0.0227619251770079
"A09x6657963","A09",49.92962372,0.0386129518202551
"A09x6647183","A09",50.75653121,0.099734009503095
"A09x6605945","A09",51.16449077,0.349963144011951
"A09x6540383","A09",51.57245033,0.342891007089804
"A09x6482659","A09",52.39935782,0.295024469989244
"A09x6441548","A09",52.80731738,0.426082373321378
"A09x8113371","A09",53.21548724,0.293594086012263
"A09x8395309","A09",53.62365711,0.202832051129405
"A09x8613899","A09",54.03182698,0.23814073977951
"A09x8754478","A09",54.4399971,0.217685763023042
"A09x9024802","A09",54.84765465,0.210883642307351
"A09x9319909","A09",55.25540087,0.387324226200974
"A09x9450643","A09",56.51085029,0.482215343181338
"A09x9943065","A09",57.33732678,0.529350894088964
"A09x10412152","A09",57.74528634,0.568705588315993
"A09x10480739","A09",58.1532459,0.498163736699667
"A09x10528983","A09",58.98015339,0.832914361895462
"A09x10648753","A09",59.38790264,0.832922528067627
"A09x10690045","A09",60.21459627,0.675125353819851
"A09x10765154","A09",61.04107624,0.934784996236317
"A09x10855154","A09",61.86737593,0.878305329313207
"A09x10892583","A09",62.27512552,1.04522922747935
"A09x10932468","A09",63.10163907,1.44540285452808
"A09x10979146","A09",63.50959882,1.31522403425231
"A09x11144567","A09",63.91776869,1.24176246001485
"A09x11485309","A09",64.32572825,1.34946220442617
"A09x11922390","A09",65.15220447,1.27464848352088
"A09x12890329","A09",66.40819296,1.33215034243165
"A09x13480107","A09",66.81593872,1.46311689231726
"A09x13903113","A09",67.22410859,1.62600195905628
"A09x14125759","A09",67.63227846,1.54787211295547
"A09x14278053","A09",68.04044833,1.46705545676292
"A09x14328090","A09",68.44861819,1.43802628108614
"A09x14496888","A09",68.85678806,1.30701623777628
"A09x18372050","A09",69.26495793,1.12395875299831
"A09x18352859","A09",69.6731278,1.14107195776671
"A09x17690478","A09",70.08129766,1.51238389977851
"A09x17079326","A09",70.48946753,1.44057353657865
"A09x16619967","A09",70.89721329,1.44055765352061
"A09x20118570","A09",72.15341935,0.906152454786707
"A09x20394478","A09",72.56116511,0.794120212680014
"A09x20757628","A09",72.96933498,0.948705805445684
"A09x21287795","A09",73.37750485,1.07150981779756
"A09x21954187","A09",73.78567471,0.952255527907823
"A09x22639439","A09",74.19384458,0.666349325441104
"A09x22943527","A09",74.60201445,0.610158353627696
"A09x23190006","A09",75.01018439,0.374604652163214
"A09x23599860","A09",75.41840754,0.252673861607491
"A09x23781439","A09",75.41840859,0.252674014191427
"A09x23926171","A09",76.24493796,0.258756599843764
"A09x24349822","A09",77.07163178,0.392237809419555
"A09x24621127","A09",77.47959133,0.350631831457349
"A09x24637452","A09",77.88755089,0.354568164203613
"A09x24935905","A09",78.71424452,0.42164018782438
"A09x25090266","A09",79.54093815,0.591648024665687
"A09x25169141","A09",79.94889771,0.500748987399049
"A09x25227280","A09",80.35706758,0.435113692840616
"A09x25294136","A09",80.76523744,0.301258559553276
"A09x25515911","A09",81.17340731,0.289699067834874
"A09x25626391","A09",81.58136687,0.303814671287455
"A09x25735582","A09",82.40827436,0.330455098793209
"A09x25757167","A09",82.81623392,0.358126683604041
"A09x26620819","A09",83.22440378,0.315182203859536
"A09x26983449","A09",83.63257365,0.436239344023363
"A09x27136204","A09",84.04074352,0.480384410611009
"A09x27179540","A09",84.44891339,0.412057971992738
"A09x27304127","A09",84.85708325,0.575400437164149
"A09x27357689","A09",85.26504281,0.452711547237925
"A09x27580206","A09",86.09151904,0.771238324349213
"A09x27954383","A09",87.34750752,1.09226596531465
"A09x28185177","A09",87.75525329,1.07410696701817
"A09x28281793","A09",88.16342315,1.07410914305319
"A09x28366447","A09",88.57159302,1.11288612662003
"A09x28540871","A09",88.97976289,0.936644564670019
"A09x28737750","A09",89.38793276,0.950180235827304
"A09x28762094","A09",89.79610262,0.950195824716104
"A09x28846919","A09",90.20427249,1.07821057694281
"A09x28911244","A09",90.61244236,1.10424648357747
"A09x28927320","A09",91.02061222,1.24798552846335
"A09x29142734","A09",91.42857178,1.2132109461391
"A09x29513029","A09",92.25526458,0.41085710130443
"A09x29638338","A09",93.0835993,0.782854527598261
"A09x29718917","A09",93.4921685,0.985215673368316
"A09x29736789","A09",94.32028338,1.20531015090125
"A09x29800389","A09",95.57872475,0.629717346399218
"A09x29836334","A09",95.98729048,0.483914805468146
"A09x29934566","A09",96.39628072,0.391218434663926
"A09x29985435","A09",96.80527134,0.459555795367578
"A09x30032517","A09",97.21405125,0.5024881103854
"A09x30115224","A09",98.04259859,0.430539799735413
"A09x30308238","A09",98.4513785,0.459762114524494
"A09x30503469","A09",98.86015841,0.603241771719411
"A09x30589236","A09",99.68870575,0.829401033977319
"A09x30681878","A09",100.0974857,0.762940581876649
"A09x30766534","A09",100.5060176,0.742854788455588
"A09x30921731","A09",101.8323871,1.02540995135371
"A09x31113981","A09",103.1585379,0.690342505074
"A09x31260039","A09",103.9861868,0.999106130617918
"A09x31430368","A09",105.2444123,0.882571366163631
"A09x31601234","A09",106.0706734,0.821317609061623
"A09x31617570","A09",106.8973671,0.605253767035606
"A09x31660053","A09",107.3053266,0.755663317810615
"A09x31696187","A09",107.7134965,0.714985329240392
"A09x31812415","A09",108.1216664,0.673848729358838
"A09x31921099","A09",108.5298362,0.694380839518544
"A09x31997335","A09",108.9380061,1.22407673100281
"A09x32028764","A09",109.346176,1.33405916824051
"A09x32040281","A09",109.7543458,1.50470628014625
"A09x32085923","A09",110.1625157,1.48875199896969
"A09x32173694","A09",110.5702616,1.48876268637707
"A09x32285047","A09",111.8262005,1.59218349126337
"A09x32346664","A09",112.2337362,1.44682818762016
"A09x32372540","A09",113.0603833,1.15721201877506
"A09x32415670","A09",113.468343,1.23738029962857
"A09x32517386","A09",113.8765129,1.13521679841739
"A09x32702765","A09",114.2844724,0.912045830002853
"A09x32810744","A09",115.1113783,0.773910295568669
"A09x32890600","A09",115.5191266,0.700886250523695
"A09x33224026","A09",116.3476042,0.646691101737474
"A09x33235210","A09",117.1750725,0.655127072621667
"A09x33350912","A09",118.0035487,0.750148687414764
"A09x33596443","A09",118.4116238,0.735746444095753
"A09x33669412","A09",118.8206839,1.04157095480946
"A09x33792799","A09",119.228655,0.965911966135934
"A09x34073135","A09",121.8444208,1.30783163758394
"A09x34104329","A09",121.8444219,1.3078331399509
"A09x34062542","A09",122.2534026,1.28855071891667
"A09x34033781","A09",122.6622125,1.23176828087821
"A09x33896102","A09",123.0539271,1.337619937022
"A09x34161171","A09",125.5747333,1.54766507575067
"A09x34261192","A09",126.7635622,1.59138349064699
"A09x34280767","A09",127.5912013,1.45752978580504
"A09x34427671","A09",129.2908874,1.03650142472083
"A09x34452870","A09",129.6984429,1.11211256277772
"A09x34631295","A09",131.8462454,1.05614640568604
"A09x34680352","A09",132.6720621,1.32821946572255
"A09x34729051","A09",133.4986023,1.01981215786611
"A09x34851227","A09",133.9063516,0.908865121695271
"A09x35068513","A09",134.7332591,0.832777413429085
"A09x35198573","A09",135.1412187,0.765761763089245
"A09x35286062","A09",135.5491782,0.963593224994725
"A09x35409316","A09",136.3760857,0.908341844990389
"A09x35597907","A09",136.7840453,0.874666321424911
"A09x35791550","A09",137.1922159,0.874660699057529
"A09x36038604","A09",137.5988172,0.852722840849367
"A09x36211213","A09",138.0069885,0.777101214635991
"A09x36240693","A09",138.4135897,0.797635930032015
"A09x36262466","A09",138.8217604,0.84508144610453
"A09x36329115","A09",139.2299303,1.04871172382036
"A09x36533683","A09",139.637676,1.04576037421901
"A09x36608807","A09",140.8938818,1.2512956770459
"A09x36736945","A09",141.3016276,1.30341609538516
"A09x36667126","A09",141.7097974,1.27029462540941
"A09x37055760","A09",142.1173256,1.33182305720294
"A09x37134459","A09",143.8135914,1.58499189034723
"A09x37142610","A09",144.6390513,1.57912245893698
"A09x37230832","A09",145.0470116,1.49258035693276
"A09x37371713","A09",145.4544059,1.84038655067337
"A09x37432892","A09",145.8621521,1.7711697912643
"A09x37550079","A09",147.1181406,1.76499362358902
"A09x37679372","A09",147.9446168,1.60315842694217
"A09x37863136","A09",148.3525764,1.60312287609202
"A09x38067529","A09",148.7607719,1.35423890707392
"A09x38178258","A09",148.7607729,1.35423868981741
"A09x38266227","A09",149.1689684,1.25075862365043
"A09x38352959","A09",149.5771383,1.35806335058481
"A09x38542059","A09",149.9853082,1.3380374715797
"A09x38599148","A09",150.3934781,1.42116868479485
"A09x38655596","A09",150.8016481,1.67585865368295
"A09x38755395","A09",151.1846065,1.41820728747916
"A10x3289895","A10",0,0.361281980762669
"A10x3451750","A10",0.382984245,0.379047380775773
"A10x3167808","A10",0.382985295,0.379047421633459
"A10x3141902","A10",0.791180731,0.513465456677238
"A10x3102185","A10",1.198926583,0.399454960475907
"A10x2853793","A10",2.45513264,0.369568723383907
"A10x2778665","A10",2.862878402,0.184684819995368
"A10x2741921","A10",3.270837966,0.297981704010965
"A10x2712237","A10",4.096868903,0.358802730561649
"A10x2607953","A10",6.244023564,0.150716221193818
"A10x2650443","A10",6.244024614,0.150716165028427
"A10x2563821","A10",6.652333653,0.168591613836156
"A10x2509273","A10",7.060503553,0.172888460663785
"A10x2471393","A10",7.46867342,0.274302473964212
"A10x2451451","A10",7.876843288,0.0964166308605172
"A10x2347315","A10",8.284802843,0.12552432596317
"A10x2295144","A10",9.111710338,0.0835249180003643
"A10x2285628","A10",9.519459583,0.104996284352467
"A10x2281252","A10",10.34636708,0.175118793564593
"A10x2215418","A10",10.75390253,0.136879691249476
"A10x2190361","A10",12.01010859,0.113178516521771
"A10x2113160","A10",12.41785435,0.0434311125115414
"A10x2044606","A10",12.82602422,0.041607517245609
"A10x2007515","A10",13.23398378,0.0967239047084263
"A10x1978115","A10",14.06089127,0.118631665177645
"A10x1911647","A10",14.46864051,0.0336976325784804
"A10x1904122","A10",15.29554801,0.0785871803663554
"A10x1873199","A10",15.70350757,0.0657279445391055
"A10x1823015","A10",16.11167743,0.042718674894104
"A10x1742058","A10",16.5198473,0.038974921357692
"A10x1631569","A10",16.92780686,0.0367920170467073
"A10x1623273","A10",17.75438048,0.0972134656470871
"A10x1374109","A10",18.81705103,0.0598279102435413
"A10x1333179","A10",20.31531432,1.84287216598022e-07
"A10x1210725","A10",20.72294017,0.0474617886449096
"A10x908379","A10",21.13111004,0.00657698967893339
"A10x546716","A10",21.53927913,0.0173420167873246
"A10x3856204","A10",21.94723869,0.00967244439021897
"A10x4330206","A10",22.77414626,0.0581855237006152
"A10x4579597","A10",23.18215832,0.0363644896061714
"A10x4765300","A10",23.18215937,0.0363644684063615
"A10x5310455","A10",24.00890259,0.0868443667435486
"A10x5441591","A10",24.41686233,0.130142499720819
"A10x5702506","A10",24.82503226,0.148815549211292
"A10x5882845","A10",25.23328356,0.20793220433751
"A10x6123804","A10",25.23328461,0.207932376999338
"A10x6430440","A10",26.48912373,0.489560242463938
"A10x6527627","A10",26.89686978,0.411299100895576
"A10x6626061","A10",27.30461555,0.430599596923855
"A10x6937636","A10",28.56060404,0.259157111645834
"A10x7019047","A10",29.38664899,0.388794482228775
"A10x7066041","A10",30.64241992,0.312091735105184
"A10x7116906","A10",31.46889614,0.16866200527727
"A10x7124005","A10",31.8768557,0.0362290975765518
"A10x7207245","A10",32.28502557,0.0268185701721677
"A10x7375469","A10",32.69319544,0.0119651490342108
"A10x7420243","A10",33.1013653,0.0129628451409189
"A10x7547315","A10",33.50953517,0.0303006563872259
"A10x7550539","A10",33.91770504,0.0504621102445526
"A10x7761819","A10",34.3258749,0.102404050024461
"A10x7916185","A10",34.73404477,0.0921024747698311
"A10x8046388","A10",35.14221464,0.0834726664863865
"A10x8155487","A10",35.55038451,0.10105586951255
"A10x8358832","A10",35.95855437,0.264349826741977
"A10x8389022","A10",36.36672424,0.205354164814992
"A10x8402085","A10",36.77489411,0.341924821190275
"A10x8448374","A10",37.18306398,0.371286365915694
"A10x8474047","A10",37.59080974,0.448561286225583
"A10x8641670","A10",38.84701579,0.359576964369069
"A10x8774086","A10",39.25476155,0.667332167262543
"A10x8912594","A10",39.66293142,0.386192785373112
"A10x8935010","A10",40.07110129,0.381530725818266
"A10x9126825","A10",40.47927116,0.396170671882658
"A10x9187380","A10",40.88744103,0.275763382573018
"A10x9377221","A10",41.29540058,0.313237571475497
"A10x9620339","A10",42.12209422,0.350845511345426
"A10x9834804","A10",42.94835658,0.482497188507637
"A10x10291096","A10",44.20402886,0.909435119405941
"A10x10663602","A10",45.22119189,0.822142220442061
"A10x10755931","A10",46.23878949,1.19401877744269
"A10x10801873","A10",46.6466537,1.25154966586393
"A10x10829975","A10",47.05439989,0.796895252197146
"A10x11339680","A10",48.3099487,1.43996959055704
"A10x11176662","A10",48.30994975,1.43996739073924
"A10x11003303","A10",48.71713057,1.31975072250322
"A10x11427369","A10",50.41254365,1.79852948534955
"A10x11723254","A10",52.56005063,2.02652234596638
"A10x11852674","A10",52.96671657,1.82425888688823
"A10x11955526","A10",54.66275685,1.82563606962327
"A10x12093873","A10",55.9182993,2.86100704302004
"A10x12178600","A10",56.32604507,2.60800487796683
"A10x12217385","A10",56.73421494,2.52288522506205
"A10x12262515","A10",57.14238481,1.96761861022406
"A10x12302999","A10",57.55055467,2.13714325459085
"A10x12382013","A10",57.95872454,2.04656435955332
"A10x12482693","A10",58.36689441,2.06606764832605
"A10x12500636","A10",58.77506507,2.03947408625305
"A10x12530975","A10",59.18166634,1.81997157921478
"A10x12553762","A10",59.58983758,1.78801151194915
"A10x12574844","A10",59.99622855,2.00273683565047
"A10x12582126","A10",60.82313685,1.42793792522281
"A10x12634808","A10",61.23109641,1.52419629608318
"A10x12674458","A10",61.63926628,1.5453017242483
"A10x12824921","A10",62.04743615,1.68109779702894
"A10x12869963","A10",62.45518191,1.75556994812592
"A10x12980681","A10",63.71138796,1.61163429188576
"A10x12998696","A10",64.11892342,1.7036406675453
"A10x13111909","A10",64.94561705,1.60493812651123
"A10x13186897","A10",65.77231068,1.12668913631711
"A10x13268332","A10",66.18027024,1.27292908667954
"A10x13283694","A10",66.5884401,1.52391733490185
"A10x13298095","A10",66.99660997,1.46876478645066
"A10x13355123","A10",67.40456953,1.34566403403466
"A10x13422306","A10",68.23147702,0.912007393174463
"A10x13439415","A10",68.63879511,0.729321076621716
"A10x13468183","A10",70.33528193,0.629210577422839
"A10x13498852","A10",70.74281033,0.771275982256782
"A10x13499765","A10",71.1505561,0.807853823695041
"A10x13525927","A10",72.40632342,0.878543878029348
"A10x13580234","A10",73.66209073,0.598118126474446
"A10x13586998","A10",74.0698365,0.240054637542471
"A10x13629338","A10",74.47779605,0.264543402760978
"A10x13783386","A10",75.30470355,0.239527541814653
"A10x13794350","A10",75.7126631,0.201507320902181
"A10x13834694","A10",76.12083297,0.34871410473113
"A10x14015900","A10",76.52900284,0.230374251492492
"A10x14030028","A10",76.93717271,0.183042013860529
"A10x14034547","A10",77.34534238,0.0989691344465768
"A10x14066488","A10",77.75351225,0.176298468851144
"A10x14121561","A10",78.16104065,0.240694966335525
"A10x14153811","A10",79.85752726,0.339531890140449
"A10x14185424","A10",80.26505566,0.320816185412582
"A10x14220630","A10",80.67322553,0.272713742112728
"A10x14251349","A10",81.0813954,0.332350590464728
"A10x14408017","A10",81.48914116,0.303955813400364
"A10x14440359","A10",82.74534722,0.284258579319385
"A10x14515482","A10",83.15309298,0.222126528261128
"A10x14527634","A10",83.56126285,0.125003226019999
"A10x14533000","A10",83.96943271,0.150618935884495
"A10x14559229","A10",84.37760258,0.161085897259341
"A10x14587447","A10",84.78577245,0.111344420245473
"A10x14650219","A10",85.19373201,0.0958478667564009
"A10x14785147","A10",86.0206395,0.163788914343513
"A10x14810423","A10",86.42859906,0.149354278019644
"A10x14814668","A10",86.83676892,0.191180343823646
"A10x14870553","A10",87.24483943,0.182617378610587
"A10x14953646","A10",87.84966469,0.0469785411596035
"A10x15048887","A10",89.75811473,0.0934849465134562
"A10x15164366","A10",90.58361174,0.0347922360052166
"A10x15242088","A10",92.27987713,0.020975732642512
"A10x15265790","A10",92.68719522,0.0602677003736858
"A10x15421478","A10",93.51410272,0.10163463263865
"A10x15562247","A10",93.92206227,0.149229987629781
"A10x15645913","A10",94.33023214,0.0877023828014671
"A10x15647704","A10",94.7381917,0.0949738736626955
"A10x15677138","A10",95.56478837,0.0873676086800401
"A10x15703794","A10",96.58217068,0.113075659189462
"A10x15770794","A10",97.59976882,0.109709299044539
"A10x15869982","A10",98.00763303,0.126381865090764
"A10x15946324","A10",98.41580258,0.233478843206001
"A10x16027718","A10",98.82397245,0.229896943320114
"A10x16080749","A10",99.23214232,0.213895376169887
"A10x16115802","A10",99.64031219,0.346325572161845
"A10x16192145","A10",100.0484821,0.32478228597131
"A10x16232867","A10",100.4566519,0.143886215864711
"A10x16280379","A10",100.8648219,0.177765311764631
"A10x16318399","A10",101.2477804,0.230577625843921
